Customer_ID,Customer_Name,Segment,City,State,Postal_Code,Region
CG-12520,Claire Gute,Consumer,Henderson,Kentucky,42420,South
DV-13045,Darrin Van Huff,Corporate,Los Angeles,California,90036,West
SO-20335,Sean O'Donnell,Consumer,Fort Lauderdale,Florida,33311,South
BH-11710,Brosina Hoffman,Consumer,Los Angeles,California,90032,West
AA-10480,Andrew Allen,Consumer,Concord,North Carolina,28027,South
IM-15070,Irene Maddox,Consumer,Seattle,Washington,98103,West
HP-14815,Harold Pawlan,Home Office,Fort Worth,Texas,76106,Central
PK-19075,Pete Kriz,Consumer,Madison,Wisconsin,53711,Central
AG-10270,Alejandro Grove,Consumer,West Jordan,Utah,84084,West
ZD-21925,Zuschuss Donatelli,Consumer,San Francisco,California,94109,West
KB-16585,Ken Black,Corporate,Fremont,Nebraska,68025,Central
SF-20065,Sandra Flanagan,Consumer,Philadelphia,Pennsylvania,19140,East
EB-13870,Emily Burns,Consumer,Orem,Utah,84057,West
EH-13945,Eric Hoffmann,Consumer,Los Angeles,California,90049,West
TB-21520,Tracy Blumstein,Consumer,Philadelphia,Pennsylvania,19140,East
MA-17560,Matt Abelman,Home Office,Houston,Texas,77095,Central
GH-14485,Gene Hale,Corporate,Richardson,Texas,75080,Central
SN-20710,Steve Nguyen,Home Office,Houston,Texas,77041,Central
LC-16930,Linda Cazamias,Corporate,Naperville,Illinois,60540,Central
RA-19885,Ruben Ausman,Corporate,Los Angeles,California,90049,West
ES-14080,Erin Smith,Corporate,Melbourne,Florida,32935,South
ON-18715,Odella Nelson,Corporate,Eagan,Minnesota,55122,Central
PO-18865,Patrick O'Donnell,Consumer,Westland,Michigan,48185,Central
LH-16900,Lena Hernandez,Consumer,Dover,Delaware,19901,East
DP-13000,Darren Powers,Consumer,New Albany,Indiana,47150,Central
JM-15265,Janet Molinari,Corporate,New York City,New York,10024,East
TB-21055,Ted Butterfield,Consumer,Troy,New York,12180,East
KM-16720,Kunst Miller,Consumer,Los Angeles,California,90004,West
PS-18970,Paul Stevenson,Home Office,Chicago,Illinois,60610,Central
BS-11590,Brendan Sweed,Corporate,Gilbert,Arizona,85234,West
KD-16270,Karen Daniels,Consumer,Springfield,Virginia,22153,South
HM-14980,Henry Macallister,Consumer,New York City,New York,10009,East
JE-15745,Joel Eaton,Consumer,Memphis,Tennessee,38109,South
KB-16600,Ken Brennan,Corporate,Houston,Texas,77041,Central
SC-20770,Stewart Carmichael,Corporate,Decatur,Alabama,35601,South
DN-13690,Duane Noonan,Consumer,San Francisco,California,94122,West
JC-16105,Julie Creighton,Corporate,Durham,North Carolina,27707,South
CS-12400,Christopher Schild,Home Office,Chicago,Illinois,60623,Central
PG-18895,Paul Gonzalez,Consumer,Rochester,Minnesota,55901,Central
GM-14455,Gary Mitchum,Home Office,Houston,Texas,77095,Central
JS-15685,Jim Sink,Corporate,Los Angeles,California,90036,West
KB-16315,Karl Braun,Consumer,Minneapolis,Minnesota,55407,Central
RB-19705,Roger Barcio,Home Office,Portland,Oregon,97206,West
PN-18775,Parhena Norris,Home Office,New York City,New York,10009,East
KD-16345,Katherine Ducich,Consumer,San Francisco,California,94122,West
ER-13855,Elpida Rittenbach,Corporate,Saint Paul,Minnesota,55106,Central
RB-19465,Rick Bensley,Home Office,Chicago,Illinois,60610,Central
GZ-14470,Gary Zandusky,Consumer,Rochester,Minnesota,55901,Central
LC-16870,Lena Cacioppo,Consumer,Aurora,Colorado,80013,West
JM-15250,Janet Martin,Consumer,Charlotte,North Carolina,28205,South
PA-19060,Pete Armstrong,Home Office,Orland Park,Illinois,60462,Central
CV-12805,Cynthia Voltz,Corporate,New York City,New York,10035,East
CL-12565,Clay Ludtke,Consumer,Urbandale,Iowa,50322,Central
RC-19960,Ryan Crowe,Consumer,Columbus,Ohio,43229,East
DK-13090,Dave Kipp,Consumer,Seattle,Washington,98103,West
GG-14650,Greg Guthrie,Corporate,Bristol,Tennessee,37620,South
SC-20725,Steven Cartwright,Consumer,Wilmington,Delaware,19805,East
AD-10180,Alan Dominguez,Home Office,Houston,Texas,77041,Central
PF-19165,Philip Fox,Consumer,Bloomington,Illinois,61701,Central
TS-21610,Troy Staebel,Consumer,Phoenix,Arizona,85023,West
LS-16975,Lindsay Shagiari,Home Office,Los Angeles,California,90004,West
DW-13585,Dorothy Wardle,Corporate,Columbus,Ohio,43229,East
LC-16885,Lena Creighton,Consumer,Roseville,California,95661,West
JD-15895,Jonathan Doherty,Corporate,Philadelphia,Pennsylvania,19140,East
SH-19975,Sally Hughsby,Corporate,San Francisco,California,94122,West
SG-20080,Sandra Glassco,Consumer,Independence,Missouri,64055,Central
HA-14920,Helen Andreada,Consumer,Pasadena,California,91104,West
MG-17680,Maureen Gastineau,Home Office,Newark,Ohio,43055,East
JE-16165,Justin Ellison,Corporate,Franklin,Wisconsin,53132,Central
TW-21025,Tamara Willingham,Home Office,Scottsdale,Arizona,85254,West
SP-20650,Stephanie Phelps,Corporate,San Jose,California,95123,West
NK-18490,Neil Knudson,Home Office,Seattle,Washington,98105,West
DB-13060,Dave Brooks,Consumer,Seattle,Washington,98115,West
NP-18670,Nora Paige,Consumer,Edmond,Oklahoma,73034,Central
TT-21070,Ted Trevino,Consumer,Los Angeles,California,90045,West
EM-13960,Eric Murdock,Consumer,Philadelphia,Pennsylvania,19134,East
RD-19900,Ruben Dartt,Consumer,Carlsbad,New Mexico,88220,West
MJ-17740,Max Jones,Consumer,Seattle,Washington,98115,West
BM-11140,Becky Martin,Consumer,San Antonio,Texas,78207,Central
CS-12130,Chad Sievert,Consumer,Los Angeles,California,90004,West
JB-15400,Jennifer Braxton,Corporate,Chicago,Illinois,60623,Central
SJ-20500,Shirley Jackson,Consumer,Houston,Texas,77036,Central
JK-15640,Jim Kriz,Home Office,New York City,New York,10009,East
DK-13150,David Kendrick,Corporate,Decatur,Illinois,62521,Central
RM-19675,Robert Marley,Home Office,Monroe,Louisiana,71203,South
SK-19990,Sally Knutson,Consumer,Fairfield,Connecticut,6824,East
FM-14290,Frank Merwin,Home Office,Los Angeles,California,90032,West
AM-10360,Alice Mccarthy,Corporate,Grand Prairie,Texas,75051,Central
MP-17470,Mark Packer,Home Office,New York City,New York,10035,East
MZ-17515,Mary Zewe,Corporate,Redlands,California,92374,West
CB-12025,Cassandra Brandow,Consumer,Hamilton,Ohio,45011,East
VM-21685,Valerie Mitchum,Home Office,Westfield,New Jersey,7090,East
FH-14365,Fred Hopkins,Corporate,Philadelphia,Pennsylvania,19120,East
MB-17305,Maria Bertelson,Consumer,Akron,Ohio,44312,East
BS-11755,Bruce Stewart,Consumer,Denver,Colorado,80219,West
LC-17140,Logan Currie,Consumer,Dallas,Texas,75220,Central
HK-14890,Heather Kirkland,Corporate,Franklin,Tennessee,37064,South
LE-16810,Laurel Elliston,Consumer,Whittier,California,90604,West
JH-15985,Joseph Holt,Consumer,Saginaw,Michigan,48601,Central
MS-17980,Michael Stewart,Corporate,Dallas,Texas,75220,Central
VW-21775,Victoria Wilson,Corporate,Medina,Ohio,44256,East
JH-15910,Jonathan Howell,Consumer,Los Angeles,California,90032,West
JB-15925,Joni Blumstein,Consumer,Dublin,Ohio,43017,East
DS-13180,David Smith,Corporate,Detroit,Michigan,48227,Central
VD-21670,Valerie Dominguez,Consumer,Columbia,Tennessee,38401,South
EA-14035,Erin Ashbrook,Corporate,Charlotte,North Carolina,28205,South
DB-13120,David Bremer,Corporate,Santa Clara,California,95051,West
KL-16645,Ken Lonsdale,Consumer,Chicago,Illinois,60610,Central
DW-13480,Dianna Wilson,Home Office,Lakeville,Minnesota,55044,Central
LH-17155,Logan Haushalter,Consumer,San Francisco,California,94109,West
KC-16540,Kelly Collister,Consumer,San Diego,California,92037,West
DL-13315,Delfina Latchford,Consumer,New York City,New York,10024,East
DR-12880,Dan Reichenbach,Corporate,Chicago,Illinois,60623,Central
CC-12670,Craig Carreira,Consumer,New York City,New York,10009,East
Dl-13600,Dorris Liebe,Corporate,Pasadena,Texas,77506,Central
SB-20290,Sean Braxton,Corporate,Houston,Texas,77036,Central
RC-19825,Roy Collins,Consumer,Chicago,Illinois,60610,Central
AH-10210,Alan Hwang,Consumer,Brentwood,California,94513,West
CB-12535,Claudia Bergmann,Corporate,Chapel Hill,North Carolina,27514,South
CA-12310,Christine Abelman,Corporate,Cincinnati,Ohio,45231,East
KH-16690,Kristen Hastings,Corporate,San Francisco,California,94110,West
BB-10990,Barry Blumstein,Corporate,Inglewood,California,90301,West
AG-10495,Andrew Gjertsen,Corporate,Philadelphia,Pennsylvania,19140,East
JO-15280,Jas O'Carroll,Consumer,Los Angeles,California,90004,West
AH-10195,Alan Haines,Corporate,Tamarac,Florida,33319,South
NZ-18565,Nick Zandusky,Home Office,Columbus,Ohio,43229,East
KL-16555,Kelly Lampkin,Corporate,Colorado Springs,Colorado,80906,West
AS-10225,Alan Schoenberger,Corporate,New York City,New York,10024,East
CR-12625,Corey Roper,Home Office,Lakewood,New Jersey,8701,East
SH-20395,Shahid Hopkins,Consumer,Arlington,Virginia,22204,South
BP-11185,Ben Peterman,Corporate,Arvada,Colorado,80004,West
TS-21205,Thomas Seio,Corporate,Hackensack,New Jersey,7601,East
AG-10525,Andy Gerbode,Corporate,Saint Petersburg,Florida,33710,South
SP-20860,Sung Pak,Corporate,Philadelphia,Pennsylvania,19143,East
NM-18445,Nathan Mautz,Home Office,New York City,New York,10024,East
FA-14230,Frank Atkinson,Corporate,Long Beach,California,90805,West
GK-14620,Grace Kelly,Corporate,Hesperia,California,92345,West
DJ-13510,Don Jones,Corporate,Murfreesboro,Tennessee,37130,South
PO-18850,Patrick O'Brill,Consumer,Philadelphia,Pennsylvania,19143,East
JL-15850,John Lucas,Consumer,Philadelphia,Pennsylvania,19134,East
DB-13615,Doug Bickford,Consumer,Los Angeles,California,90045,West
AC-10420,Alyssa Crouse,Corporate,San Francisco,California,94122,West
CC-12550,Clay Cheatham,Consumer,San Francisco,California,94122,West
TD-20995,Tamara Dahlen,Consumer,Lowell,Massachusetts,1852,East
AB-10060,Adam Bellavance,Home Office,New York City,New York,10009,East
JL-15505,Jeremy Lonsdale,Consumer,New York City,New York,10035,East
VB-21745,Victoria Brennan,Corporate,Columbus,Georgia,31907,South
KW-16435,Katrina Willman,Consumer,New York City,New York,10009,East
JD-16060,Julia Dunbar,Consumer,San Francisco,California,94109,West
MK-17905,Michael Kennedy,Corporate,Manchester,Connecticut,6040,East
GT-14755,Guy Thornton,Consumer,Harlingen,Texas,78550,Central
AG-10900,Arthur Gainer,Consumer,Tucson,Arizona,85705,West
MM-18280,Muhammed Macintyre,Corporate,Quincy,Illinois,62301,Central
AR-10405,Allen Rosenblatt,Corporate,Franklin,Massachusetts,2038,East
RA-19915,Russell Applegate,Consumer,Houston,Texas,77095,Central
AS-10285,Alejandro Savely,Corporate,San Francisco,California,94109,West
LA-16780,Laura Armstrong,Corporate,Taylor,Michigan,48180,Central
DO-13435,Denny Ordway,Consumer,Pembroke Pines,Florida,33024,South
DK-13225,Dean Katz,Corporate,Philadelphia,Pennsylvania,19140,East
NG-18430,Nathan Gelder,Consumer,Cincinnati,Ohio,45231,East
MV-18190,Mike Vittorini,Consumer,New York City,New York,10009,East
JG-15115,Jack Garza,Consumer,Des Moines,Washington,98198,West
BP-11095,Bart Pistole,Corporate,Peoria,Illinois,61604,Central
VP-21730,Victor Preis,Home Office,Las Vegas,Nevada,89115,West
SS-20140,Saphhira Shifley,Corporate,Warwick,Rhode Island,2886,East
AG-10675,Anna Gayman,Consumer,Houston,Texas,77036,Central
LF-17185,Luke Foster,Consumer,Miami,Florida,33180,South
RF-19840,Roy Französisch,Consumer,New York City,New York,10024,East
KH-16510,Keith Herrera,Consumer,San Francisco,California,94110,West
KC-16675,Kimberly Carter,Corporate,Seattle,Washington,98105,West
CJ-12010,Caroline Jumper,Consumer,Huntington Beach,California,92646,West
PB-19150,Philip Brown,Consumer,Los Angeles,California,90004,West
MP-17965,Michael Paige,Corporate,Lawrence,Massachusetts,1841,East
NF-18385,Natalie Fritzler,Consumer,Jackson,Mississippi,39212,South
SD-20485,Shirley Daniels,Home Office,New Rochelle,New York,10801,East
KH-16630,Ken Heidel,Corporate,San Antonio,Texas,78207,Central
RB-19795,Ross Baird,Home Office,Gastonia,North Carolina,28052,South
MK-18160,Mike Kennedy,Consumer,Jacksonville,Florida,32216,South
PO-19180,Philisse Overcash,Home Office,Chicago,Illinois,60623,Central
BB-11545,Brenda Bowman,Corporate,Houston,Texas,77070,Central
TB-21595,Troy Blackwell,Consumer,Columbus,Indiana,47201,Central
RB-19360,Raymond Buch,Consumer,Auburn,New York,13021,East
EB-13705,Ed Braxton,Corporate,Akron,Ohio,44312,East
SC-20095,Sanjit Chand,Consumer,Concord,California,94521,West
TN-21040,Tanja Norvell,Home Office,Phoenix,Arizona,85023,West
JS-15940,Joni Sundaresam,Home Office,Park Ridge,Illinois,60068,Central
MH-17785,Maya Herman,Corporate,Lindenhurst,New York,11757,East
JP-15520,Jeremy Pistek,Consumer,San Francisco,California,94110,West
JE-15475,Jeremy Ellison,Consumer,Troy,New York,12180,East
JG-15805,John Grady,Corporate,New York City,New York,10024,East
XP-21865,Xylona Preis,Consumer,San Diego,California,92024,West
EM-14065,Erin Mull,Consumer,New York City,New York,10024,East
MT-18070,Michelle Tran,Home Office,Los Angeles,California,90045,West
SA-20830,Sue Ann Reed,Consumer,Chicago,Illinois,60610,Central
CW-11905,Carl Weiss,Home Office,Huntsville,Texas,77340,Central
AJ-10960,Astrea Jones,Consumer,Rochester,New York,14609,East
SS-20590,Sonia Sunley,Consumer,Seattle,Washington,98115,West
RO-19780,Rose O'Brian,Consumer,Memphis,Tennessee,38109,South
MD-17350,Maribeth Dona,Consumer,Fayetteville,Arkansas,72701,South
MY-17380,Maribeth Yedwab,Corporate,Parker,Colorado,80134,West
CM-12385,Christopher Martinez,Consumer,Atlanta,Georgia,30318,South
LS-17245,Lynn Smith,Consumer,Gladstone,Missouri,64118,Central
BN-11515,Bradley Nguyen,Consumer,Los Angeles,California,90049,West
DB-13210,Dean Braden,Consumer,Houston,Texas,77041,Central
MC-17605,Matt Connell,Corporate,Detroit,Michigan,48234,Central
BD-11605,Brian Dahlen,Consumer,Lawrence,Massachusetts,1841,East
PH-18790,Patricia Hirasaki,Home Office,Lakeland,Florida,33801,South
MG-18145,Mike Gockenbach,Consumer,Philadelphia,Pennsylvania,19134,East
KB-16240,Karen Bern,Corporate,Los Angeles,California,90036,West
JC-15340,Jasper Cacioppo,Consumer,Los Angeles,California,90032,West
RL-19615,Rob Lucas,Consumer,Montgomery,Alabama,36116,South
AA-10375,Allen Armold,Consumer,Mesa,Arizona,85204,West
EP-13915,Emily Phan,Consumer,Chicago,Illinois,60653,Central
DK-12985,Darren Koutras,Consumer,Henderson,Kentucky,42420,South
BD-11500,Bradley Drucker,Consumer,Green Bay,Wisconsin,54302,Central
LM-17065,Liz Mackendrick,Consumer,Springfield,Ohio,45503,East
AS-10135,Adrian Shami,Home Office,New York City,New York,10035,East
BD-11320,Bill Donatelli,Consumer,San Francisco,California,94110,West
GT-14710,Greg Tran,Consumer,Houston,Texas,77070,Central
AJ-10945,Ashley Jarboe,Consumer,Wilmington,North Carolina,28403,South
OT-18730,Olvera Toch,Consumer,Los Angeles,California,90045,West
LP-17080,Liz Pelletier,Consumer,San Francisco,California,94110,West
CA-12775,Cynthia Arntzen,Consumer,Tampa,Florida,33614,South
JF-15490,Jeremy Farry,Consumer,Seattle,Washington,98105,West
FP-14320,Frank Preis,Consumer,Los Angeles,California,90008,West
EB-13840,Ellis Ballard,Corporate,Seattle,Washington,98105,West
JF-15415,Jennifer Ferguson,Consumer,New York City,New York,10024,East
SF-20200,Sarah Foster,Consumer,Marysville,Washington,98270,West
TG-21640,Trudy Glocke,Consumer,Long Beach,California,90805,West
CS-11950,Carlos Soltero,Consumer,Chicago,Illinois,60610,Central
CC-12145,Charles Crestani,Consumer,Los Angeles,California,90004,West
DV-13465,Dianna Vittorini,Consumer,Denver,Colorado,80219,West
BD-11725,Bruce Degenhardt,Consumer,Richmond,Kentucky,40475,South
ZC-21910,Zuschuss Carroll,Consumer,Salem,Oregon,97301,West
MS-17830,Melanie Seite,Consumer,Laredo,Texas,78041,Central
LR-16915,Lena Radford,Consumer,San Diego,California,92024,West
TP-21130,Theone Pippenger,Consumer,Philadelphia,Pennsylvania,19134,East
CK-12205,Chloris Kastensmidt,Consumer,Philadelphia,Pennsylvania,19120,East
AS-10240,Alan Shonely,Consumer,Tampa,Florida,33614,South
AR-10510,Andrew Roberts,Consumer,Philadelphia,Pennsylvania,19134,East
NB-18655,Nona Balk,Corporate,Dallas,Texas,75217,Central
GD-14590,Giulietta Dortch,Corporate,Philadelphia,Pennsylvania,19143,East
CK-12595,Clytie Kelty,Consumer,Grove City,Ohio,43123,East
NG-18355,Nat Gilpin,Corporate,New York City,New York,10011,East
CA-12265,Christina Anderson,Consumer,Chicago,Illinois,60610,Central
SF-20965,Sylvia Foulston,Corporate,Dearborn,Michigan,48126,Central
MO-17800,Meg O'Connel,Home Office,New York City,New York,10009,East
AT-10735,Annie Thurman,Consumer,Seattle,Washington,98115,West
FM-14380,Fred Mcmath,Consumer,Aurora,Colorado,80013,West
DJ-13420,Denny Joy,Corporate,Warner Robins,Georgia,31088,South
ME-17725,Max Engle,Consumer,Aurora,Colorado,80013,West
JD-16150,Justin Deggeller,Corporate,Minneapolis,Minnesota,55407,Central
JL-15835,John Lee,Consumer,Mission Viejo,California,92691,West
SC-20305,Sean Christensen,Consumer,Rochester Hills,Michigan,48307,Central
CC-12430,Chuck Clark,Home Office,Columbus,Indiana,47201,Central
AR-10825,Anthony Rawles,Corporate,Vancouver,Washington,98661,West
SR-20740,Steven Roelle,Home Office,New York City,New York,10024,East
CR-12730,Craig Reiter,Consumer,Columbus,Ohio,43229,East
EH-14125,Eugene Hildebrand,Home Office,Aurora,Illinois,60505,Central
SP-20545,Sibella Parks,Corporate,New York City,New York,10011,East
TH-21235,Tiffany House,Corporate,Dallas,Texas,75081,Central
RP-19390,Resi Pölking,Consumer,Cleveland,Ohio,44105,East
RB-19570,Rob Beeghly,Consumer,Columbus,Indiana,47201,Central
CD-11980,Carol Darley,Consumer,Tyler,Texas,75701,Central
DJ-13630,Doug Jacobs,Consumer,New York City,New York,10024,East
GT-14635,Grant Thornton,Corporate,Burlington,North Carolina,27217,South
MC-17845,Michael Chen,Consumer,Jackson,Mississippi,39212,South
RA-19285,Ralph Arnett,Consumer,New York City,New York,10035,East
NP-18325,Naresj Patel,Consumer,Waynesboro,Virginia,22980,South
AB-10165,Alan Barnes,Consumer,Los Angeles,California,90036,West
JO-15550,Jesus Ocampo,Home Office,Chester,Pennsylvania,19013,East
JK-15370,Jay Kimmel,Consumer,Long Beach,California,90805,West
BN-11470,Brad Norvell,Corporate,Cary,North Carolina,27511,South
DP-13165,David Philippe,Consumer,New York City,New York,10035,East
TH-21550,Tracy Hopkins,Home Office,New York City,New York,10035,East
AP-10915,Arthur Prichep,Consumer,Palm Coast,Florida,32137,South
RS-19765,Roland Schwarz,Corporate,Mount Vernon,New York,10550,East
SV-20365,Seth Vernon,Consumer,Dover,Delaware,19901,East
CK-12325,Christine Kargatis,Home Office,Orem,Utah,84057,West
RD-19810,Ross Devincentis,Home Office,Los Angeles,California,90045,West
MR-17545,Mathew Reese,Home Office,Philadelphia,Pennsylvania,19140,East
SC-20695,Steve Chapman,Corporate,Hialeah,Florida,33012,South
JF-15355,Jay Fein,Consumer,Austin,Texas,78745,Central
EG-13900,Emily Grady,Consumer,Oceanside,New York,11572,East
DS-13030,Darrin Sayre,Home Office,Seattle,Washington,98115,West
PO-19195,Phillina Ober,Home Office,Naperville,Illinois,60540,Central
SS-20875,Sung Shariari,Consumer,Dallas,Texas,75220,Central
PB-19105,Peter Bühler,Consumer,Evanston,Illinois,60201,Central
RF-19735,Roland Fjeld,Consumer,Trenton,Michigan,48183,Central
YC-21895,Yoseph Carroll,Corporate,San Francisco,California,94110,West
DC-13285,Debra Catini,Consumer,Cottage Grove,Minnesota,55016,Central
CP-12340,Christine Phan,Corporate,New York City,New York,10009,East
BF-11020,Barry Französisch,Corporate,Green Bay,Wisconsin,54302,Central
LH-17020,Lisa Hazard,Consumer,Columbus,Ohio,43229,East
CS-12250,Chris Selesnick,Corporate,Bossier City,Louisiana,71111,South
AJ-10795,Anthony Johnson,Corporate,Saint Petersburg,Florida,33710,South
BV-11245,Benjamin Venier,Corporate,Des Moines,Iowa,50315,Central
DL-12865,Dan Lawera,Consumer,Cincinnati,Ohio,45231,East
BM-11785,Bryan Mills,Consumer,Columbus,Ohio,43229,East
LT-17110,Liz Thompson,Consumer,Lancaster,California,93534,West
JK-15730,Joe Kamberova,Consumer,Asheville,North Carolina,28806,South
ES-14020,Erica Smith,Consumer,San Francisco,California,94110,West
RH-19495,Rick Hansen,Consumer,Rochester,Minnesota,55901,Central
CD-11920,Carlos Daly,Consumer,Lake Elsinore,California,92530,West
HW-14935,Helen Wasserman,Corporate,San Diego,California,92105,West
MC-18130,Mike Caudle,Corporate,Monroe,Louisiana,71203,South
GM-14440,Gary Mcgarr,Consumer,San Francisco,California,94122,West
PJ-19015,Pauline Johnson,Consumer,Santa Ana,California,92704,West
BW-11110,Bart Watters,Corporate,Milwaukee,Wisconsin,53209,Central
TR-21325,Toby Ritter,Consumer,Belleville,New Jersey,7109,East
PG-18820,Patrick Gardner,Consumer,San Francisco,California,94110,West
JL-15175,James Lanier,Home Office,Columbia,Tennessee,38401,South
BM-11650,Brian Moss,Corporate,New York City,New York,10035,East
EM-14095,Eudokia Martin,Corporate,Los Angeles,California,90036,West
AF-10885,Art Foster,Consumer,Louisville,Kentucky,40214,South
GA-14725,Guy Armstrong,Consumer,Lorain,Ohio,44052,East
CK-12760,Cyma Kinney,Corporate,Linden,New Jersey,7036,East
DP-13105,Dave Poirier,Corporate,Salinas,California,93905,West
BK-11260,Berenike Kampe,Consumer,New York City,New York,10035,East
SJ-20125,Sanjit Jacobs,Home Office,New Brunswick,New Jersey,8901,East
CM-12445,Chuck Magee,Consumer,San Francisco,California,94122,West
AJ-10780,Anthony Jacobs,Corporate,Springfield,Virginia,22153,South
LS-16945,Linda Southworth,Corporate,Philadelphia,Pennsylvania,19140,East
GP-14740,Guy Phonely,Corporate,Lancaster,Pennsylvania,17602,East
PK-18910,Paul Knutson,Home Office,Philadelphia,Pennsylvania,19143,East
SM-20005,Sally Matthias,Consumer,New York City,New York,10009,East
AG-10765,Anthony Garverick,Home Office,Philadelphia,Pennsylvania,19120,East
PM-19135,Peter Mcvee,Home Office,Detroit,Michigan,48227,Central
LL-16840,Lauren Leatherbury,Consumer,Rochester,New York,14609,East
JS-15595,Jill Stevenson,Corporate,Los Angeles,California,90045,West
EL-13735,Ed Ludwig,Home Office,Columbia,Maryland,21044,East
PC-18745,Pamela Coakley,Corporate,San Francisco,California,94122,West
HL-15040,Hunter Lopez,Consumer,Houston,Texas,77095,Central
MS-17365,Maribeth Schnelling,Consumer,Detroit,Michigan,48227,Central
GB-14530,George Bell,Corporate,Auburn,New York,13021,East
JR-16210,Justin Ritter,Corporate,Springfield,Ohio,45503,East
BE-11335,Bill Eplett,Home Office,Jackson,Michigan,49201,Central
SC-20050,Sample Company A,Home Office,Norwich,Connecticut,6360,East
RW-19630,Rob Williams,Corporate,Dallas,Texas,75220,Central
SE-20110,Sanjit Engle,Consumer,New York City,New York,10009,East
AH-10075,Adam Hart,Corporate,New York City,New York,10011,East
JM-15535,Jessica Myrick,Consumer,Philadelphia,Pennsylvania,19143,East
JJ-15760,Joel Jenkins,Home Office,Springfield,Virginia,22153,South
RK-19300,Ralph Kennedy,Consumer,Philadelphia,Pennsylvania,19140,East
CG-12040,Catherine Glotzbach,Home Office,Philadelphia,Pennsylvania,19120,East
RP-19270,Rachel Payne,Corporate,Riverside,California,92503,West
KC-16255,Karen Carlisle,Corporate,San Francisco,California,94110,West
KH-16360,Katherine Hughes,Consumer,Philadelphia,Pennsylvania,19143,East
GH-14665,Greg Hansen,Consumer,Round Rock,Texas,78664,Central
SW-20275,Scott Williamson,Consumer,Jackson,Mississippi,39212,South
JA-15970,Joseph Airdo,Consumer,Phoenix,Arizona,85023,West
DL-12925,Daniel Lacy,Consumer,Oceanside,California,92054,West
LW-16990,Lindsay Williams,Corporate,San Francisco,California,94110,West
TB-21190,Thomas Brumley,Home Office,Fayetteville,Arkansas,72701,South
BS-11800,Bryan Spruell,Home Office,New York City,New York,10011,East
RW-19690,Robert Waldorf,Consumer,Wilmington,North Carolina,28403,South
TZ-21580,Tracy Zic,Consumer,Louisville,Colorado,80027,West
AS-10630,Ann Steele,Home Office,Pasadena,Texas,77506,Central
TS-21340,Toby Swindell,Consumer,Houston,Texas,77041,Central
SL-20155,Sara Luxemburg,Home Office,Jacksonville,Florida,32216,South
MW-18235,Mitch Willingham,Corporate,Virginia Beach,Virginia,23464,South
RD-19585,Rob Dowd,Consumer,Henderson,Kentucky,42420,South
RA-19945,Ryan Akin,Consumer,Murrieta,California,92563,West
MT-17815,Meg Tillman,Consumer,Scottsdale,Arizona,85254,West
VG-21790,Vivek Gonzalez,Consumer,San Diego,California,92037,West
JS-15880,John Stevenson,Consumer,Seattle,Washington,98103,West
KM-16225,Kalyca Meade,Corporate,New York City,New York,10011,East
HR-14770,Hallie Redmond,Home Office,Los Angeles,California,90045,West
DE-13255,Deanra Eno,Home Office,Springfield,Ohio,45503,East
AG-10390,Allen Goldenen,Consumer,Cincinnati,Ohio,45231,East
JJ-15445,Jennifer Jackson,Consumer,Los Angeles,California,90004,West
JH-15430,Jennifer Halladay,Consumer,Burlington,North Carolina,27217,South
RD-19660,Robert Dilbeck,Home Office,Saint Peters,Missouri,63376,Central
MO-17500,Mary O'Rourke,Consumer,New York City,New York,10035,East
NS-18640,Noel Staavos,Corporate,Chicago,Illinois,60610,Central
DG-13300,Deirdre Greer,Corporate,Philadelphia,Pennsylvania,19134,East
NF-18595,Nicole Fjeld,Home Office,New York City,New York,10009,East
MG-17650,Matthew Grinstein,Home Office,Philadelphia,Pennsylvania,19143,East
TS-21160,Theresa Swint,Corporate,Toledo,Ohio,43615,East
BD-11620,Brian Decherney,Consumer,San Francisco,California,94122,West
CM-12160,Charles Mccrossin,Consumer,Brownsville,Texas,78521,Central
SN-20560,Skye Norling,Home Office,Los Angeles,California,90008,West
EH-14005,Erica Hernandez,Home Office,Denver,Colorado,80219,West
FO-14305,Frank Olsen,Consumer,New York City,New York,10035,East
MS-17710,Maurice Satty,Consumer,Mesa,Arizona,85204,West
CC-12100,Chad Cunningham,Home Office,Columbus,Indiana,47201,Central
DW-13540,Don Weiss,Consumer,Seattle,Washington,98105,West
BT-11395,Bill Tyler,Corporate,Detroit,Michigan,48227,Central
CY-12745,Craig Yedwab,Corporate,Oakland,California,94601,West
BT-11485,Brad Thomas,Home Office,Clinton,Maryland,20735,East
PS-19045,Penelope Sewall,Home Office,Charlotte,North Carolina,28205,South
PV-18985,Paul Van Hugh,Home Office,San Francisco,California,94122,West
NM-18520,Neoma Murray,Consumer,Riverside,California,92503,West
DL-13495,Dionis Lloyd,Corporate,San Francisco,California,94110,West
CS-12355,Christine Sundaresam,Consumer,Roswell,Georgia,30076,South
FH-14275,Frank Hawley,Corporate,La Porte,Indiana,46350,Central
NC-18340,Nat Carroll,Consumer,Lansing,Michigan,48911,Central
AA-10315,Alex Avila,Consumer,Minneapolis,Minnesota,55407,Central
LT-16765,Larry Tron,Consumer,Escondido,California,92025,West
AP-10720,Anne Pryor,Home Office,New York City,New York,10035,East
PM-18940,Paul Macintyre,Consumer,Jackson,Michigan,49201,Central
AT-10435,Alyssa Tate,Home Office,Los Angeles,California,90004,West
CA-12055,Cathy Armstrong,Home Office,Houston,Texas,77070,Central
HR-14830,Harold Ryan,Corporate,Seattle,Washington,98103,West
BT-11530,Bradley Talbott,Home Office,Los Angeles,California,90036,West
LH-16750,Larry Hughes,Consumer,Charlotte,North Carolina,28205,South
SW-20755,Steven Ward,Corporate,New York City,New York,10009,East
SP-20620,Stefania Perrino,Corporate,Philadelphia,Pennsylvania,19134,East
BF-11170,Ben Ferrer,Home Office,Los Angeles,California,90036,West
KT-16480,Kean Thornton,Consumer,Buffalo,New York,14215,East
BG-11695,Brooke Gillingham,Corporate,Cincinnati,Ohio,45231,East
GM-14680,Greg Matthias,Consumer,Seattle,Washington,98105,West
EJ-14155,Eva Jacobs,Consumer,Gulfport,Mississippi,39503,South
NP-18700,Nora Preis,Consumer,Fresno,California,93727,West
MH-18115,Mick Hernandez,Home Office,Chester,Pennsylvania,19013,East
JR-15700,Jocasta Rupert,Consumer,Jacksonville,Florida,32216,South
SM-20950,Suzanne Mcnair,Corporate,Greenville,North Carolina,27834,South
CC-12220,Chris Cortes,Consumer,La Porte,Indiana,46350,Central
PF-19225,Phillip Flathmann,Consumer,San Francisco,California,94122,West
DC-12850,Dan Campbell,Consumer,Florence,Alabama,35630,South
BD-11770,Bryan Davis,Consumer,Houston,Texas,77070,Central
GM-14500,Gene Mcclure,Consumer,Providence,Rhode Island,2908,East
TB-21355,Todd Boyes,Corporate,New York City,New York,10009,East
JH-16180,Justin Hirsh,Consumer,Pueblo,Colorado,81001,West
EB-13975,Erica Bern,Corporate,Fairfield,California,94533,West
QJ-19255,Quincy Jones,Corporate,Saint Paul,Minnesota,55106,Central
TC-21535,Tracy Collins,Home Office,Arlington,Virginia,22204,South
CS-12460,Chuck Sachs,Consumer,Columbus,Georgia,31907,South
HG-14965,Henry Goldwyn,Corporate,Los Angeles,California,90032,West
LW-16825,Laurel Workman,Corporate,Deltona,Florida,32725,South
MC-17575,Matt Collins,Consumer,Cincinnati,Ohio,45231,East
LP-17095,Liz Preis,Consumer,Murray,Kentucky,42071,South
EB-14170,Evan Bailliet,Consumer,Wilmington,North Carolina,28403,South
GZ-14545,George Zrebassa,Corporate,Lawrence,Massachusetts,1841,East
CP-12085,Cathy Prescott,Corporate,Norwich,Connecticut,6360,East
FG-14260,Frank Gastineau,Home Office,San Francisco,California,94110,West
LD-17005,Lisa Decherney,Consumer,San Francisco,California,94109,West
AB-10255,Alejandro Ballentine,Home Office,Lorain,Ohio,44052,East
MN-17935,Michael Nguyen,Consumer,Dallas,Texas,75220,Central
JR-15670,Jim Radford,Consumer,Middletown,Connecticut,6457,East
JF-15190,Jamie Frazer,Consumer,Los Angeles,California,90008,West
CM-12115,Chad Mcguire,Consumer,New York City,New York,10011,East
AS-10045,Aaron Smayling,Corporate,Jacksonville,North Carolina,28540,South
BP-11290,Beth Paige,Consumer,Evanston,Illinois,60201,Central
ND-18370,Natalie Decherney,Consumer,Louisville,Kentucky,40214,South
LB-16735,Larry Blacks,Consumer,Fort Worth,Texas,76106,Central
KT-16465,Kean Takahito,Consumer,Los Angeles,California,90049,West
HM-14860,Harry Marie,Corporate,Philadelphia,Pennsylvania,19120,East
AB-10600,Ann Blume,Corporate,Tucson,Arizona,85705,West
SZ-20035,Sam Zeldin,Home Office,Pico Rivera,California,90660,West
MG-17890,Michael Granlund,Home Office,Clinton,Maryland,20735,East
JK-16120,Julie Kriz,Home Office,Aurora,Illinois,60505,Central
PP-18955,Paul Prost,Home Office,Smyrna,Georgia,30080,South
YS-21880,Yana Sorensen,Corporate,Burlington,North Carolina,27217,South
KM-16375,Katherine Murray,Home Office,Salem,Virginia,24153,South
AB-10105,Adrian Barton,Consumer,Phoenix,Arizona,85023,West
HA-14905,Helen Abelman,Consumer,New York City,New York,10024,East
BT-11305,Beth Thompson,Home Office,Costa Mesa,California,92627,West
SV-20815,Stuart Van,Corporate,Houston,Texas,77041,Central
RW-19540,Rick Wilson,Corporate,Mesa,Arizona,85204,West
DK-12835,Damala Kotsonis,Corporate,Salinas,California,93905,West
ST-20530,Shui Tom,Consumer,Parma,Ohio,44134,East
MM-17920,Michael Moore,Consumer,San Francisco,California,94110,West
PW-19030,Pauline Webber,Corporate,Richmond,Kentucky,40475,South
SC-20440,Shaun Chance,Corporate,Aurora,Colorado,80013,West
TS-21085,Thais Sissman,Consumer,Phoenix,Arizona,85023,West
MC-17425,Mark Cousins,Corporate,Mobile,Alabama,36608,South
ME-17320,Maria Etezadi,Home Office,Columbus,Georgia,31907,South
NH-18610,Nicole Hansen,Corporate,Irving,Texas,75061,Central
MB-18085,Mick Brown,Consumer,Vineland,New Jersey,8360,East
KD-16495,Keith Dawkins,Corporate,New York City,New York,10009,East
KN-16390,Katherine Nockton,Corporate,Los Angeles,California,90004,West
NP-18685,Nora Pelletier,Home Office,Niagara Falls,New York,14304,East
CS-12505,Cindy Stewart,Consumer,Thomasville,North Carolina,27360,South
MS-17770,Maxwell Schwartz,Consumer,New York City,New York,10035,East
CM-12655,Corinna Mitchell,Home Office,Los Angeles,California,90008,West
Co-12640,Corey-Lock,Consumer,Philadelphia,Pennsylvania,19143,East
TS-21370,Todd Sumrall,Corporate,New York City,New York,10035,East
JW-15220,Jane Waco,Corporate,Vancouver,Washington,98661,West
JD-15790,John Dryer,Consumer,Coppell,Texas,75019,Central
PC-19000,Pauline Chand,Home Office,Los Angeles,California,90004,West
AR-10540,Andy Reiter,Consumer,New York City,New York,10024,East
AI-10855,Arianne Irving,Consumer,Philadelphia,Pennsylvania,19120,East
TB-21400,Tom Boeckenhauer,Consumer,Seattle,Washington,98105,West
PL-18925,Paul Lucas,Home Office,Chicago,Illinois,60610,Central
GH-14425,Gary Hwang,Consumer,Tucson,Arizona,85705,West
MP-18175,Mike Pelletier,Home Office,Laguna Niguel,California,92677,West
JM-15655,Jim Mitchum,Corporate,Bridgeton,New Jersey,8302,East
CL-11890,Carl Ludwig,Consumer,Everett,Massachusetts,2149,East
DB-13270,Deborah Brumfield,Home Office,San Diego,California,92024,West
IG-15085,Ivan Gibson,Consumer,San Diego,California,92024,West
BO-11425,Bobby Odegard,Consumer,Richmond,Kentucky,40475,South
AB-10150,Aimee Bixby,Consumer,Long Beach,New York,11561,East
JW-16075,Julia West,Consumer,Philadelphia,Pennsylvania,19140,East
EB-13750,Edward Becker,Corporate,Seattle,Washington,98103,West
SG-20470,Sheri Gordon,Consumer,New York City,New York,10011,East
CM-12190,Charlotte Melton,Consumer,Philadelphia,Pennsylvania,19134,East
AW-10840,Anthony Witt,Consumer,Allen,Texas,75002,Central
MC-18100,Mick Crebagga,Consumer,El Paso,Texas,79907,Central
TT-21460,Tonja Turnell,Home Office,Aurora,Illinois,60505,Central
VG-21805,Vivek Grady,Corporate,Virginia Beach,Virginia,23464,South
MY-18295,Muhammed Yedwab,Corporate,Grapevine,Texas,76051,Central
RD-19480,Rick Duston,Consumer,Olympia,Washington,98502,West
DP-13390,Dennis Pardue,Home Office,Peoria,Illinois,61604,Central
ML-17395,Marina Lichtenstein,Corporate,Los Angeles,California,90008,West
JC-15385,Jenna Caffey,Consumer,Kent,Washington,98031,West
JG-15160,James Galang,Consumer,Los Angeles,California,90049,West
MC-17275,Marc Crier,Consumer,Lafayette,Louisiana,70506,South
NW-18400,Natalie Webber,Consumer,Tigard,Oregon,97224,West
TB-21280,Toby Braunhardt,Consumer,Washington,District Of Columbia,20016,East
BS-11380,Bill Stewart,Corporate,Skokie,Illinois,60076,Central
HH-15010,Hilary Holden,Corporate,San Francisco,California,94110,West
CD-12280,Christina Demoss,Consumer,Seattle,Washington,98105,West
TH-21100,Thea Hendricks,Consumer,Los Angeles,California,90045,West
MM-18055,Michelle Moray,Consumer,Seattle,Washington,98115,West
NS-18505,Neola Schneider,Consumer,Dallas,Texas,75217,Central
RB-19645,Robert Barroso,Corporate,North Las Vegas,Nevada,89031,West
SW-20455,Shaun Weien,Consumer,Suffolk,Virginia,23434,South
EB-13930,Eric Barreto,Consumer,San Francisco,California,94110,West
PS-18760,Pamela Stobb,Consumer,Los Angeles,California,90008,West
HF-14995,Herbert Flentye,Consumer,Indianapolis,Indiana,46203,Central
HZ-14950,Henia Zydlo,Consumer,Columbus,Ohio,43229,East
CD-12790,Cynthia Delaney,Home Office,San Diego,California,92037,West
JK-15205,Jamie Kunitz,Consumer,San Francisco,California,94122,West
FM-14215,Filia Mcadams,Corporate,Dublin,Ohio,43017,East
ED-13885,Emily Ducich,Home Office,San Diego,California,92037,West
DA-13450,Dianna Arnett,Home Office,Houston,Texas,77095,Central
JW-15955,Joni Wasserman,Consumer,Oakland,California,94601,West
RM-19375,Raymond Messe,Consumer,Houston,Texas,77095,Central
ML-17755,Max Ludwig,Home Office,Suffolk,Virginia,23434,South
CC-12685,Craig Carroll,Consumer,Greensboro,North Carolina,27405,South
JE-15610,Jim Epp,Corporate,Milwaukee,Wisconsin,53209,Central
RP-19855,Roy Phan,Corporate,Kenosha,Wisconsin,53142,Central
TB-21175,Thomas Boland,Corporate,Houston,Texas,77041,Central
BE-11455,Brad Eason,Home Office,Olathe,Kansas,66062,Central
JF-15565,Jill Fjeld,Consumer,Dallas,Texas,75081,Central
PB-19210,Phillip Breyer,Corporate,Tulsa,Oklahoma,74133,Central
BT-11680,Brian Thompson,Consumer,Newark,Ohio,43055,East
JL-15235,Janet Lee,Consumer,Chicago,Illinois,60623,Central
CH-12070,Cathy Hwang,Home Office,Raleigh,North Carolina,27604,South
ND-18460,Neil Ducich,Corporate,Macon,Georgia,31204,South
BF-10975,Barbara Fisher,Corporate,Charlotte,North Carolina,28205,South
KH-16330,Katharine Harms,Corporate,Bowling Green,Kentucky,42104,South
GW-14605,Giulietta Weimer,Consumer,Seattle,Washington,98115,West
NC-18625,Noah Childs,Corporate,Aurora,Colorado,80013,West
ME-18010,Michelle Ellison,Corporate,San Francisco,California,94122,West
BP-11230,Benjamin Patterson,Consumer,Spokane,Washington,99207,West
JC-15775,John Castell,Consumer,San Antonio,Texas,78207,Central
AS-10090,Adam Shillingsburg,Consumer,Charlottesville,Virginia,22901,South
AC-10450,Amy Cox,Consumer,Minneapolis,Minnesota,55407,Central
MD-17860,Michael Dominguez,Corporate,Indianapolis,Indiana,46203,Central
DB-13660,Duane Benoit,Consumer,Oceanside,New York,11572,East
EH-13990,Erica Hackney,Consumer,Roswell,Georgia,30076,South
EH-13765,Edward Hooks,Corporate,Watertown,New York,13601,East
SC-20230,Scot Coram,Corporate,Arlington,Texas,76017,Central
JE-15715,Joe Elijah,Consumer,Broomfield,Colorado,80020,West
AC-10615,Ann Chong,Corporate,New York City,New York,10009,East
JD-16015,Joy Daniels,Consumer,Chicago,Illinois,60610,Central
CB-12415,Christy Brittain,Consumer,Columbus,Ohio,43229,East
JS-16030,Joy Smith,Consumer,Houston,Texas,77036,Central
LW-17215,Luke Weiss,Consumer,Pasadena,California,91104,West
SC-20800,Stuart Calhoun,Consumer,Houston,Texas,77041,Central
AM-10705,Anne Mcfarland,Consumer,Auburn,Alabama,36830,South
RH-19510,Rick Huthwaite,Home Office,Providence,Rhode Island,2908,East
CT-11995,Carol Triggs,Consumer,Rochester,Minnesota,55901,Central
MC-17590,Matt Collister,Corporate,Perth Amboy,New Jersey,8861,East
CC-12610,Corey Catlett,Corporate,Philadelphia,Pennsylvania,19134,East
KA-16525,Kelly Andreada,Consumer,Ontario,California,91761,West
TC-20980,Tamara Chand,Corporate,Seattle,Washington,98105,West
BF-11080,Bart Folk,Consumer,Baltimore,Maryland,21215,East
MM-17260,Magdelene Morse,Consumer,Wilmington,Delaware,19805,East
AH-10120,Adrian Hane,Home Office,Tucson,Arizona,85705,West
BW-11200,Ben Wallace,Consumer,Boynton Beach,Florida,33437,South
SW-20245,Scot Wooten,Consumer,Stockton,California,95207,West
BS-11665,Brian Stugart,Consumer,Philadelphia,Pennsylvania,19143,East
RF-19345,Randy Ferguson,Corporate,Dover,New Hampshire,3820,East
WB-21850,William Brown,Consumer,Philadelphia,Pennsylvania,19134,East
TB-21625,Trudy Brown,Consumer,Grand Prairie,Texas,75051,Central
AF-10870,Art Ferguson,Consumer,College Station,Texas,77840,Central
RB-19435,Richard Bierner,Consumer,Saint Louis,Missouri,63116,Central
KF-16285,Karen Ferguson,Home Office,Manteca,California,95336,West
JH-15820,John Huston,Consumer,Kent,Ohio,44240,East
IL-15100,Ivan Liston,Consumer,San Francisco,California,94122,West
PB-18805,Patrick Bzostek,Home Office,Salt Lake City,Utah,84106,West
RH-19600,Rob Haberlin,Consumer,Huntsville,Alabama,35810,South
AW-10930,Arthur Wiediger,Home Office,Aurora,Illinois,60505,Central
ML-17410,Maris Laware,Consumer,Fairfield,Connecticut,6824,East
DB-13555,Dorothy Badders,Corporate,Jacksonville,Florida,32216,South
MH-17620,Matt Hagelstein,Corporate,San Francisco,California,94110,West
DK-13375,Dennis Kane,Consumer,Marion,Ohio,43302,East
BT-11440,Bobby Trafton,Consumer,Littleton,Colorado,80122,West
DB-13405,Denny Blanton,Consumer,La Porte,Indiana,46350,Central
TG-21310,Toby Gnade,Consumer,Los Angeles,California,90049,West
BF-11005,Barry Franz,Home Office,Pasadena,California,91104,West
JM-16195,Justin Mackendrick,Consumer,Los Angeles,California,90004,West
MZ-17335,Maria Zettner,Home Office,San Diego,California,92024,West
MW-18220,Mitch Webber,Consumer,New York City,New York,10035,East
MV-17485,Mark Van Huff,Consumer,Arlington,Virginia,22204,South
SM-20320,Sean Miller,Home Office,Monroe,North Carolina,28110,South
TP-21415,Tom Prescott,Consumer,Seattle,Washington,98115,West
JK-15625,Jim Karlsson,Consumer,Seattle,Washington,98115,West
PJ-18835,Patrick Jones,Corporate,Murfreesboro,Tennessee,37130,South
RS-19420,Ricardo Sperren,Corporate,Seattle,Washington,98115,West
SV-20935,Susan Vittorini,Consumer,New York City,New York,10009,East
BC-11125,Becky Castell,Home Office,Peoria,Arizona,85345,West
EM-13825,Elizabeth Moffitt,Corporate,Sioux Falls,South Dakota,57103,Central
BM-11575,Brendan Murry,Corporate,New York City,New York,10035,East
KN-16705,Kristina Nunn,Home Office,Fort Collins,Colorado,80525,West
KW-16570,Kelly Williams,Consumer,Clarksville,Tennessee,37042,South
SC-20260,Scott Cohen,Corporate,San Francisco,California,94122,West
CV-12295,Christina Vanderzanden,Consumer,Fresno,California,93727,West
SG-20605,Speros Goranitis,Consumer,New York City,New York,10009,East
TM-21010,Tamara Manning,Consumer,San Francisco,California,94122,West
EM-13810,Eleni Mccrary,Corporate,Los Angeles,California,90036,West
ML-18040,Michelle Lonsdale,Corporate,Albuquerque,New Mexico,87105,West
CR-12580,Clay Rozendal,Home Office,Elmhurst,Illinois,60126,Central
AZ-10750,Annie Zypern,Consumer,New York City,New York,10009,East
PW-19240,Pierre Wener,Consumer,Louisville,Colorado,80027,West
SC-20380,Shahid Collister,Consumer,Seattle,Washington,98115,West
CM-11935,Carlos Meador,Consumer,Fayetteville,North Carolina,28314,South
GM-14695,Greg Maxwell,Corporate,Los Angeles,California,90036,West
TB-21250,Tim Brockman,Consumer,New York City,New York,10024,East
JM-15865,John Murray,Consumer,Jamestown,New York,14701,East
SC-20575,Sonia Cooley,Consumer,Mishawaka,Indiana,46544,Central
LS-17200,Luke Schmidt,Corporate,Skokie,Illinois,60076,Central
RR-19315,Ralph Ritter,Consumer,San Francisco,California,94110,West
DB-12910,Daniel Byrd,Home Office,Tampa,Florida,33614,South
TT-21220,Thomas Thornton,Consumer,Houston,Texas,77041,Central
LO-17170,Lori Olson,Corporate,La Quinta,California,92253,West
KD-16615,Ken Dana,Corporate,Scottsdale,Arizona,85254,West
NB-18580,Nicole Brennan,Corporate,Philadelphia,Pennsylvania,19134,East
BD-11635,Brian Derr,Consumer,Bowling Green,Kentucky,42104,South
CM-12235,Chris Mcafee,Consumer,Carrollton,Texas,75007,Central
EN-13780,Edward Nazzal,Consumer,New York City,New York,10035,East
KN-16450,Kean Nguyen,Corporate,Jacksonville,Florida,32216,South
BO-11350,Bill Overfelt,Corporate,Los Angeles,California,90045,West
AG-10300,Aleksandra Gannaway,Corporate,Los Angeles,California,90049,West
MC-17635,Matthew Clasen,Corporate,Saint Louis,Missouri,63116,Central
TA-21385,Tom Ashbrook,Home Office,New York City,New York,10024,East
JF-15295,Jason Fortune-,Consumer,Seattle,Washington,98103,West
TT-21265,Tim Taslimi,Corporate,Los Angeles,California,90045,West
SB-20170,Sarah Bern,Consumer,New York City,New York,10035,East
CL-12700,Craig Leslie,Home Office,Springfield,Missouri,65807,Central
HG-15025,Hunter Glantz,Consumer,Amarillo,Texas,79109,Central
NL-18310,Nancy Lomonaco,Home Office,Los Angeles,California,90045,West
RR-19525,Rick Reed,Corporate,Lowell,Massachusetts,1852,East
TC-21295,Toby Carlisle,Consumer,San Diego,California,92024,West
SV-20785,Stewart Visinsky,Consumer,Pueblo,Colorado,81001,West
BE-11410,Bobby Elias,Consumer,Lancaster,Ohio,43130,East
SC-20680,Steve Carroll,Home Office,Columbus,Georgia,31907,South
DF-13135,David Flashing,Consumer,Vallejo,California,94591,West
FH-14350,Fred Harton,Consumer,Seattle,Washington,98105,West
MS-17530,Marybeth Skach,Consumer,San Diego,California,92037,West
RH-19555,Ritsa Hightower,Consumer,Tallahassee,Florida,32303,South
GA-14515,George Ashbrook,Consumer,San Francisco,California,94122,West
JP-16135,Julie Prescott,Home Office,Columbus,Georgia,31907,South
Dp-13240,Dean Percer,Home Office,Murray,Utah,84107,West
MO-17950,Michael Oakman,Consumer,Dallas,Texas,75220,Central
DL-13330,Denise Leinenbach,Consumer,Las Cruces,New Mexico,88001,West
MH-18025,Michelle Huthwaite,Consumer,Seattle,Washington,98115,West
DR-12940,Daniel Raglin,Home Office,Franklin,Massachusetts,2038,East
DM-13015,Darrin Martin,Consumer,Encinitas,California,92024,West
CA-11965,Carol Adams,Corporate,Hoover,Alabama,35244,South
AC-10660,Anna Chung,Consumer,Huntsville,Texas,77340,Central
DM-13345,Denise Monton,Corporate,Roswell,Georgia,30076,South
VF-21715,Vicky Freymann,Home Office,Columbus,Indiana,47201,Central
CC-12370,Christopher Conant,Consumer,Fayetteville,North Carolina,28314,South
BF-11275,Beth Fritzler,Corporate,Tucson,Arizona,85705,West
HG-14845,Harry Greene,Consumer,Lake Charles,Louisiana,70601,South
BP-11155,Becky Pak,Consumer,Columbus,Georgia,31907,South
EM-14140,Eugene Moren,Home Office,Glendale,Arizona,85301,West
MA-17995,Michelle Arnett,Home Office,Watertown,New York,13601,East
AY-10555,Andy Yotov,Corporate,Oceanside,California,92054,West
GB-14575,Giulietta Baptist,Consumer,Philadelphia,Pennsylvania,19134,East
JB-16045,Julia Barnett,Home Office,Columbus,Georgia,31907,South
MG-17875,Michael Grace,Home Office,New York City,New York,10011,East
SR-20425,Sharelle Roach,Home Office,Louisville,Colorado,80027,West
JB-16000,Joy Bell-,Consumer,Brownsville,Texas,78521,Central
DM-12955,Dario Medina,Corporate,Lincoln Park,Michigan,48146,Central
TC-21475,Tony Chapman,Home Office,Columbus,Georgia,31907,South
SW-20350,Sean Wendt,Home Office,Detroit,Michigan,48227,Central
RE-19450,Richard Eichhorn,Consumer,Dallas,Texas,75081,Central
BF-11215,Benjamin Farhat,Home Office,Albuquerque,New Mexico,87105,West
KB-16405,Katrina Bavinger,Home Office,Apple Valley,California,92307,West
JG-15310,Jason Gross,Corporate,Providence,Rhode Island,2908,East
EC-14050,Erin Creighton,Consumer,New York City,New York,10024,East
EB-14110,Eugene Barchas,Consumer,Philadelphia,Pennsylvania,19134,East
JP-15460,Jennifer Patt,Corporate,Oceanside,New York,11572,East
CS-11845,Cari Sayre,Corporate,Seattle,Washington,98105,West
GH-14410,Gary Hansen,Home Office,Glendale,Arizona,85301,West
PT-19090,Pete Takahito,Consumer,Houston,Texas,77070,Central
JL-15130,Jack Lebron,Consumer,Houston,Texas,77036,Central
AH-10030,Aaron Hawkins,Corporate,Philadelphia,Pennsylvania,19134,East
CC-12475,Cindy Chapman,Consumer,New York City,New York,10024,East
DW-13195,David Wiener,Corporate,Houston,Texas,77095,Central
SJ-20215,Sarah Jordon,Consumer,Grand Prairie,Texas,75051,Central
BG-11740,Bruce Geld,Consumer,Philadelphia,Pennsylvania,19120,East
LB-16795,Laurel Beltran,Home Office,Highland Park,Illinois,60035,Central
CM-11815,Candace Mcmahon,Corporate,Pasadena,Texas,77506,Central
EH-14185,Evan Henry,Consumer,Decatur,Alabama,35601,South
TS-21505,Tony Sayre,Consumer,Columbia,Tennessee,38401,South
PR-18880,Patrick Ryan,Consumer,Oakland,California,94601,West
LC-17050,Liz Carlisle,Consumer,Mission Viejo,California,92691,West
CS-12490,Cindy Schnelling,Corporate,Conroe,Texas,77301,Central
DH-13075,Dave Hallsten,Corporate,Richmond,Kentucky,40475,South
JO-15145,Jack O'Briant,Corporate,Philadelphia,Pennsylvania,19140,East
AH-10690,Anna Häberlin,Corporate,New York City,New York,10024,East
HJ-14875,Heather Jas,Home Office,Jacksonville,Florida,32216,South
MH-17455,Mark Hamilton,Consumer,Jacksonville,North Carolina,28540,South
RD-19930,Russell D'Ascenzo,Consumer,Austin,Texas,78745,Central
SC-20020,Sam Craven,Consumer,Plano,Texas,75023,Central
SU-20665,Stephanie Ulpright,Home Office,Jackson,Mississippi,39212,South
FC-14335,Fred Chung,Corporate,Mesquite,Texas,75150,Central
RB-19330,Randy Bradley,Consumer,Philadelphia,Pennsylvania,19143,East
NC-18535,Nick Crebassa,Corporate,Dallas,Texas,75217,Central
DB-12970,Darren Budd,Corporate,Los Angeles,California,90004,West
MF-17665,Maureen Fritzler,Corporate,Toledo,Ohio,43615,East
RM-19750,Roland Murray,Consumer,New York City,New York,10011,East
VM-21835,Vivian Mathis,Consumer,Newark,Delaware,19711,East
EJ-13720,Ed Jacobs,Consumer,San Diego,California,92037,West
NC-18415,Nathan Cano,Consumer,Jacksonville,North Carolina,28540,South
LS-17230,Lycoris Saunders,Consumer,Dover,Delaware,19901,East
KE-16420,Katrina Edelman,Corporate,Bristol,Tennessee,37620,South
DH-13675,Duane Huffman,Home Office,Quincy,Massachusetts,2169,East
PF-19120,Peter Fuller,Consumer,Gilbert,Arizona,85234,West
VT-21700,Valerie Takahito,Home Office,Philadelphia,Pennsylvania,19143,East
MG-17695,Maureen Gnade,Consumer,Buffalo,New York,14215,East
SP-20920,Susan Pistek,Consumer,Los Angeles,California,90036,West
CS-12175,Charles Sheldon,Corporate,Columbia,Tennessee,38401,South
DK-12895,Dana Kaydos,Consumer,Kenosha,Wisconsin,53142,Central
KM-16660,Khloe Miller,Consumer,Roswell,Georgia,30076,South
AA-10645,Anna Andreadi,Consumer,Chester,Pennsylvania,19013,East
DD-13570,Dorothy Dickinson,Consumer,Houston,Texas,77041,Central
AH-10465,Amy Hunt,Consumer,New York City,New York,10035,East
TP-21565,Tracy Poddar,Corporate,Aurora,Colorado,80013,West
EK-13795,Eileen Kiefer,Home Office,Santa Ana,California,92704,West
CR-12820,Cyra Reiten,Home Office,New York City,New York,10035,East
SG-20890,Susan Gilcrest,Corporate,Mcallen,Texas,78501,Central
AH-10585,Angele Hood,Consumer,Chicago,Illinois,60623,Central
NF-18475,Neil Französisch,Home Office,Rockford,Illinois,61107,Central
BS-11365,Bill Shonely,Corporate,New York City,New York,10011,East
SH-20635,Stefanie Holloman,Corporate,Jackson,Tennessee,38301,South
RD-19720,Roger Demir,Consumer,Daytona Beach,Florida,32114,South
AG-10330,Alex Grayson,Consumer,Stockton,California,95207,West
GR-14560,Georgia Rosenberg,Corporate,San Francisco,California,94110,West
VS-21820,Vivek Sundaresam,Consumer,Los Angeles,California,90036,West
TM-21490,Tony Molinari,Consumer,Oklahoma City,Oklahoma,73120,Central
TS-21430,Tom Stivers,Corporate,Los Angeles,California,90045,West
DB-13360,Dennis Bolton,Home Office,New York City,New York,10009,East
NR-18550,Nick Radford,Consumer,Aurora,Illinois,60505,Central
CS-11860,Cari Schnelling,Consumer,Jacksonville,North Carolina,28540,South
MF-18250,Monica Federle,Corporate,Los Angeles,California,90036,West
LW-17125,Liz Willingham,Consumer,Norwich,Connecticut,6360,East
AR-10345,Alex Russell,Corporate,Lawrence,Massachusetts,1841,East
KS-16300,Karen Seio,Corporate,Lehi,Utah,84043,West
AB-10015,Aaron Bergman,Consumer,Seattle,Washington,98103,West
LR-17035,Lisa Ryan,Corporate,Philadelphia,Pennsylvania,19134,East
SS-20410,Shahid Shariari,Consumer,Los Angeles,California,90008,West
JM-15580,Jill Matthias,Consumer,Monroe,North Carolina,28110,South
JK-15325,Jason Klamczynski,Corporate,Dallas,Texas,75220,Central
DM-13525,Don Miller,Corporate,Houston,Texas,77070,Central
ML-18265,Muhammed Lee,Consumer,Seattle,Washington,98103,West
MH-17290,Marc Harrigan,Home Office,Los Angeles,California,90036,West
FC-14245,Frank Carlisle,Home Office,Lakewood,Ohio,44107,East
TH-21115,Thea Hudgings,Corporate,Philadelphia,Pennsylvania,19140,East
JK-16090,Juliana Krohn,Consumer,Omaha,Nebraska,68104,Central
SB-20185,Sarah Brown,Consumer,Concord,New Hampshire,3301,East
BG-11035,Barry Gonzalez,Consumer,Monroe,Louisiana,71203,South
BW-11065,Barry Weirich,Consumer,Raleigh,North Carolina,27604,South
MG-18205,Mitch Gastineau,Corporate,Jacksonville,Florida,32216,South
DO-13645,Doug O'Connell,Consumer,Los Angeles,California,90036,West
BP-11050,Barry Pond,Corporate,Cranston,Rhode Island,2920,East
TS-21655,Trudy Schmidt,Consumer,Milwaukee,Wisconsin,53209,Central
EM-14200,Evan Minnotte,Home Office,Virginia Beach,Virginia,23464,South
AO-10810,Anthony O'Donnell,Corporate,Los Angeles,California,90045,West
MH-17440,Mark Haberlin,Corporate,New York City,New York,10035,East
SS-20515,Shirley Schmidt,Home Office,Louisville,Kentucky,40214,South
LD-16855,Lela Donovan,Corporate,Chicago,Illinois,60653,Central
VP-21760,Victoria Pisteka,Corporate,San Francisco,California,94109,West
TC-21145,Theresa Coyne,Corporate,Lakewood,New Jersey,8701,East
IM-15055,Ionia Mcgrath,Consumer,Roseville,California,95661,West
AR-10570,Anemone Ratner,Consumer,Columbus,Georgia,31907,South
CM-12715,Craig Molinari,Corporate,Huntsville,Texas,77340,Central
FW-14395,Fred Wasserman,Corporate,Huntsville,Alabama,35810,South
LC-16960,Lindsay Castell,Home Office,Arlington,Virginia,22204,South
HE-14800,Harold Engle,Corporate,Chicago,Illinois,60623,Central
BD-11560,Brendan Dodson,Home Office,Fresno,California,93727,West
HD-14785,Harold Dahlen,Home Office,Philadelphia,Pennsylvania,19143,East
CJ-11875,Carl Jackson,Corporate,Philadelphia,Pennsylvania,19140,East
RS-19870,Roy Skaria,Home Office,Burlington,Iowa,52601,Central
SC-20845,Sung Chung,Consumer,Arlington Heights,Illinois,60004,Central
RE-19405,Ricardo Emerson,Consumer,Kent,Ohio,44240,East
SM-20905,Susan Mackendrick,Consumer,Newark,Ohio,43055,East
